author_id,author_name,original_university,assigned_prestigious_university
white__neil-ryan,Neil Ryan,Pennsylvania State University,University of Massachusetts Amherst
white__brendan-baker,Brendan Baker,Pennsylvania State University,Stanford University
white__jay-mccarthy,Jay McCarthy,Pennsylvania State University,"University of California, Los Angeles"
white__brad-walsh,Brad Walsh,Pennsylvania State University,University of Alberta
white__todd-sullivan,Todd Sullivan,Pennsylvania State University,Harvard University
white__geoffrey-murray,Geoffrey Murray,Pennsylvania State University,New York University
white__brett-obrian,Brett O’Brian,Pennsylvania State University,Carnegie Mellon University
white__greg-murphy,Greg Murphy,Pennsylvania State University,University of Toronto
white__matthew-kelly,Matthew Kelly,Pennsylvania State University,Université de Montréal
